{"cameraMode":{"drawMode":0,"name":"Shaded","section":"Shading Mode"},"sceneLighting":true,"audioPlay":false,"sceneViewState":{"m_AlwaysRefresh":false,"showFog":true,"showSkybox":true,"showFlares":true,"showImageEffects":true,"showParticleSystems":true,"showVisualEffectGraphs":true,"m_FxEnabled":true},"in2DMode":false,"pivot":{"x":-0.9701212644577026,"y":3.1114137172698976,"z":-7.695669651031494},"rotation":{"x":0.15090420842170716,"y":-0.014827524311840535,"z":0.0022637376096099617,"w":0.9884347915649414},"size":6.2210798263549809,"orthographic":false}